{"cameraMode":{"drawMode":0,"name":"Shaded","section":"Shading Mode"},"sceneLighting":true,"audioPlay":false,"sceneViewState":{"m_AlwaysRefresh":false,"showFog":true,"showSkybox":true,"showFlares":true,"showImageEffects":true,"showParticleSystems":true,"showVisualEffectGraphs":true,"m_FxEnabled":true},"in2DMode":false,"pivot":{"x":27.792022705078126,"y":6.7045135498046879,"z":19.27532196044922},"rotation":{"x":-0.030016005039215089,"y":0.9700652360916138,"z":-0.17082740366458894,"w":-0.1705435961484909},"size":121.2435531616211,"orthographic":false}