{"cameraMode":{"drawMode":0,"name":"Shaded","section":"Shading Mode"},"sceneLighting":true,"audioPlay":false,"sceneViewState":{"m_AlwaysRefresh":false,"showFog":true,"showSkybox":true,"showFlares":true,"showImageEffects":true,"showParticleSystems":true,"showVisualEffectGraphs":true,"m_FxEnabled":true},"in2DMode":false,"pivot":{"x":105.95077514648438,"y":-144.10121154785157,"z":-201.12425231933595},"rotation":{"x":-0.07027480006217957,"y":-0.9290913343429565,"z":0.2740306854248047,"w":-0.23830698430538178},"size":140.46536254882813,"orthographic":false}