{"cameraMode":{"drawMode":0,"name":"Shaded","section":"Shading Mode"},"sceneLighting":true,"audioPlay":false,"sceneViewState":{"showFog":true,"showMaterialUpdate":false,"showSkybox":true,"showFlares":true,"showImageEffects":true,"showParticleSystems":true,"showVisualEffectGraphs":true,"m_FxEnabled":true},"in2DMode":false,"pivot":{"x":388.8221435546875,"y":312.7732238769531,"z":-103.68714141845703},"rotation":{"x":0.003546972991898656,"y":0.9854051470756531,"z":-0.16895806789398194,"w":0.02068280056118965},"size":413.5618896484375,"orthographic":false}